Sequence_Days,Accuracy,Precision,Recall,F1_score
90,0.49308300395256915,0.49308300395256915,1.0,0.6604897418927862
