Sequence_Days,Accuracy,Precision,Recall,F1_score
90,0.49407114624505927,0.49407114624505927,1.0,0.6613756613756614
