Sequence_Days,Accuracy,Precision,Recall,F1_score
60,0.4931237721021611,0.4931237721021611,1.0,0.6605263157894737
