Sequence_Days,Accuracy,Precision,Recall,F1_score
30,0.4912109375,0.4912109375,1.0,0.6588081204977079
