Accuracy,Precision,Recall,F1-score
0.492639842983317,0.492639842983317,1.0,0.6600920447074293
