Accuracy,Precision,Recall,F1-score
0.4931237721021611,0.4931237721021611,1.0,0.6605263157894737
